"Hostname","Status","Timestamp"
"aws-fra.ncc.dock.ee","Reachable","2026-02-18 10:18:10"
"63.179.105.208","Reachable","2026-02-18 10:18:12"
"2a05:d014:d28:188:7318:da04:c4f0:7ca4","Reachable","2026-02-18 10:18:13"
"aws-par.ncc.dock.ee","Reachable","2026-02-18 10:18:14"
"35.180.158.182","Reachable","2026-02-18 10:18:15"
"2a05:d012:bb5:67b1:8f7e:40e4:3241:701","Reachable","2026-02-18 10:18:16"
"aws-dub.ncc.dock.ee","Reachable","2026-02-18 10:18:17"
"108.130.98.173","Reachable","2026-02-18 10:18:18"
"2a05:d018:154c:1bc7:952a:3c79:5996:bd68","Reachable","2026-02-18 10:18:19"
"aws-sto.ncc.dock.ee","Reachable","2026-02-18 10:18:20"
"16.16.206.178","Reachable","2026-02-18 10:18:21"
"2a05:d016:d16:3689:5654:d91c:7e58:206a","Reachable","2026-02-18 10:18:22"
"aws-zur.ncc.dock.ee","Reachable","2026-02-18 10:18:23"
"16.63.95.33","Reachable","2026-02-18 10:18:25"
"2a05:d019:d:7ae5:f5aa:afe8:dd20:84a9","Reachable","2026-02-18 10:18:26"
"ms-fra.ncc.dock.ee","Reachable","2026-02-18 10:18:27"
"20.113.12.240","Reachable","2026-02-18 10:18:28"
"2603:1020:c01:4::229","Reachable","2026-02-18 10:18:29"
"ms-ams.ncc.dock.ee","Reachable","2026-02-18 10:18:30"
"20.93.212.41","Reachable","2026-02-18 10:18:31"
"2603:1020:203:a::1c","Reachable","2026-02-18 10:18:32"
"ms-par.ncc.dock.ee","Reachable","2026-02-18 10:18:33"
"20.19.194.58","Reachable","2026-02-18 10:18:34"
"2603:1020:800:18::f9","Reachable","2026-02-18 10:18:35"
"ms-dub.ncc.dock.ee","Reachable","2026-02-18 10:18:36"
"4.207.81.183","Reachable","2026-02-18 10:18:37"
"2603:1020:0:20::180","Reachable","2026-02-18 10:18:39"
"ms-waw.ncc.dock.ee","Reachable","2026-02-18 10:18:40"
"74.248.178.118","Reachable","2026-02-18 10:18:41"
"2603:1020:1300::2b0","Reachable","2026-02-18 10:18:42"
"ms-zur.ncc.dock.ee","Reachable","2026-02-18 10:18:43"
"20.208.29.136","Reachable","2026-02-18 10:18:44"
"2603:1020:a01:e::14b","Reachable","2026-02-18 10:18:45"
"ms-sto.ncc.dock.ee","Reachable","2026-02-18 10:18:46"
"9.223.145.241","Reachable","2026-02-18 10:18:47"
"2603:1020:1001:13::1e7","Reachable","2026-02-18 10:18:49"
"ovh-fra.ncc.dock.ee","Reachable","2026-02-18 10:18:50"
"57.129.31.3","Reachable","2026-02-18 10:18:51"
"2001:41d0:701:1000::680","Reachable","2026-02-18 10:18:52"
"ovh-par.ncc.dock.ee","Reachable","2026-02-18 10:18:53"
"57.130.47.149","Reachable","2026-02-18 10:18:54"
"nan","Unreachable","2026-02-18 10:18:56"
"ovh-waw.ncc.dock.ee","Reachable","2026-02-18 10:18:57"
"54.38.137.124","Reachable","2026-02-18 10:18:58"
"2001:41d0:601:2000::fa8","Reachable","2026-02-18 10:18:59"
"sw-par.ncc.dock.ee","Reachable","2026-02-18 10:19:01"
"51.15.135.93","Reachable","2026-02-18 10:19:02"
"2001:bc8:711:2a4f:dc00:ff:fef1:dea1","Reachable","2026-02-18 10:19:03"
"sw-ams.ncc.dock.ee","Reachable","2026-02-18 10:19:04"
"51.15.46.35","Reachable","2026-02-18 10:19:05"
"2001:bc8:1640:64df:dc00:ff:fe65:a789","Reachable","2026-02-18 10:19:06"
"sw-waw.ncc.dock.ee","Reachable","2026-02-18 10:19:07"
"151.115.43.106","Reachable","2026-02-18 10:19:08"
"2001:bc8:1e80:1dbc:dc00:ff:fe31:bff7","Reachable","2026-02-18 10:19:09"
"uc-fra.ncc.dock.ee","Reachable","2026-02-18 10:19:10"
"85.9.206.111","Reachable","2026-02-18 10:19:11"
"2a04:3542:1000:910:cc81:efff:fe0a:1834","Reachable","2026-02-18 10:19:13"
"uc-ams.ncc.dock.ee","Reachable","2026-02-18 10:19:14"
"85.9.214.209","Reachable","2026-02-18 10:19:15"
"2a04:3544:1000:1510:cc81:efff:fe0a:1649","Reachable","2026-02-18 10:19:16"
"uc-sto.ncc.dock.ee","Reachable","2026-02-18 10:19:18"
"212.147.227.178","Reachable","2026-02-18 10:19:19"
"2a04:3541:8000:1000:cc81:efff:fe0a:3e5b","Reachable","2026-02-18 10:19:20"
"uc-waw.ncc.dock.ee","Reachable","2026-02-18 10:19:21"
"81.27.102.219","Reachable","2026-02-18 10:19:22"
"2a04:3544:8000:1000:cc81:efff:fe0a:669f","Reachable","2026-02-18 10:19:23"
"uc-svg.ncc.dock.ee","Reachable","2026-02-18 10:19:24"
"212.147.232.109","Reachable","2026-02-18 10:19:25"
"2a04:3545:4000:1000:cc81:efff:fe0a:66f5","Reachable","2026-02-18 10:19:26"
"io-fra.ncc.dock.ee","Reachable","2026-02-18 10:19:27"
"217.160.216.42","Reachable","2026-02-18 10:19:29"
"2a02:247a:218:ee00::1","Reachable","2026-02-18 10:19:30"
